Country Name,2004,2005,2006,2007,2008,2009,2010,2011,2012,2013,2014
Aruba,,,,,,,,,,,
Africa Eastern and Southern,48.86205833,48.60696669,48.24439321,49.55117156,50.8885624,49.88287297,49.03532859,48.30386239,47.57241299,46.89518023,49.30429209
Afghanistan,,,,,,,,,,,
Africa Western and Central,22.57797875,22.67614909,21.33475188,20.67407703,21.40878212,19.98877361,21.9468786,22.61050613,23.05394242,23.08163489,23.47127803
Angola,31.56163719,27.08377147,31.67467436,34.74247582,37.96075957,41.79933124,42.99251503,43.8497839,48.01005977,46.50855392,48.30559301
Albania,65.57827326,66.48668055,64.4559899,65.12239247,63.84717579,63.4217264,63.23900375,61.50276527,57.75408172,56.39533881,61.42180139
Andorra,,,,,,,,,,,
Arab World,95.19132121,95.17014527,95.44927661,96.12584384,96.46673111,96.21598654,95.89111881,94.96438725,95.01932949,96.22709585,95.47834279
United Arab Emirates,99.94023556,99.93717685,99.92993397,99.92517547,99.92683097,,,91.67558547,90.10453743,93.6148829,86.12834902
Argentina,89.32496763,89.05328415,88.65322796,89.22537849,90.65178935,89.61199315,89.50324321,88.85381112,89.02490707,88.96606441,87.72240748
Armenia,66.90142761,68.09841787,67.49580824,70.552564,73.28613291,68.2054583,67.40110849,71.54992989,77.33294329,75.49284382,74.56186571
American Samoa,,,,,,,,,,,
Antigua and Barbuda,0,0,0,0,,,,,,,
Australia,94.06821267,94.21585218,94.28316545,94.29310395,94.35148823,95.51005853,94.42474222,94.42165586,94.37700612,93.70804882,93.38683566
Austria,77.69929366,77.03042943,74.69833424,72.62977854,71.5548631,69.83650772,70.26705703,69.1541834,67.30250679,66.25380351,64.81315647
Azerbaijan,97.13499898,97.11654376,97.60562064,97.76469853,98.30247707,97.91653071,96.93249161,97.86257155,98.47670157,98.21123272,98.36599003
Burundi,,,,,,,,,,,
Belgium,75.01945859,74.76394898,73.94251149,72.66654993,73.39363209,72.64002312,72.79361704,70.25449593,71.11571411,70.8203058,72.65250484
Benin,32.8223794,31.04976023,36.32541119,39.66925034,39.07586139,39.80167892,41.55418574,39.43086778,36.17277074,36.47506881,36.72458133
Burkina Faso,,,,,,,,,,,
Bangladesh,62.48464734,63.34035291,65.33087795,66.41712545,67.58003802,69.00602698,70.96940448,71.64883909,72.68378039,72.86167193,73.76893795
Bulgaria,73.97692939,72.96125478,72.47924391,77.72065833,76.14213638,73.02381788,73.16454291,75.0439513,72.18710039,70.20847929,71.04592252
Bahrain,,,,97.83177195,,99.78244843,,98.78594551,,,99.36584717
"Bahamas, The",0,0,0,0,,,,,,,
Bosnia and Herzegovina,89.0009852,88.50970947,90.49292978,91.07144944,92.31931424,92.60429081,91.65263533,93.99664295,91.94780332,92.50400217,77.52204497
Belarus,93.5856553,92.67264293,92.58393391,92.34180176,93.18677185,91.77907181,91.99553597,91.3924706,91.04727046,90.67204031,92.44037502
Belize,0,0,0,0,,,,,,,
Bermuda,,,,,,,,,,,
Bolivia,81.62470717,83.27413782,85.95852752,82.04786586,82.60450095,80.95941748,82.32042868,82.99562133,83.52557303,84.18089928,84.15328999
Brazil,54.6982243,54.25232116,53.42289188,52.66064026,52.56946061,51.31850799,53.48790284,54.56870942,56.54889227,58.01808225,59.10753264
Barbados,0,0,0,0,,,,,,,
Brunei Darussalam,100,100,100,100,,99.99993427,,99.99563633,99.9955353,99.99437899,99.99518847
Bhutan,0,0,0,0,,,,,,,
Botswana,65.6905938,66.83188661,66.82997336,66.00371814,66.6560959,63.05156961,64.83608167,62.26252518,65.78999287,68.82603295,74.68798407
Central African Republic,,,,,,,,,,,
Canada,75.19713565,75.74513789,74.56307191,74.73558379,75.07600268,75.06600051,75.38539269,74.69174698,74.43947915,73.17351572,73.19287432
Central Europe and the Baltics,83.26790699,83.18497664,83.39174072,83.06888313,81.70598525,79.88391258,80.25491985,80.09576321,78.56672776,77.70767866,76.24536377
Switzerland,53.96556489,55.46078234,53.83805101,51.49093203,52.51119511,53.23807768,51.55355017,50.38877908,50.91662817,52.10555859,48.74185988
Channel Islands,,,,,,,,,,,
Chile,75.18353618,74.24470723,74.00914851,76.0264465,75.18426695,73.47402668,77.60667223,76.67911718,70.03944215,68.64980209,73.25054383
China,84.79645465,85.872736,86.82834222,87.40785733,87.22405182,87.63569469,88.25519867,88.89836293,88.41916221,88.23749257,87.67043077
Cote d'Ivoire,24.9305733,25.39125672,21.44916428,24.25328525,24.61665796,22.71780363,23.23150743,20.86776164,24.68015408,26.6581215,26.49233002
Cameroon,16.68841249,15.33399116,17.04219421,28.88515826,27.62178047,30.89290482,31.16396337,29.73959214,35.27203752,35.7817563,38.31785719
"Congo, Dem. Rep.",2.112644231,2.546349612,2.678500494,2.873759641,3.067486181,2.742569362,3.078211005,3.691647321,2.87171647,4.17663824,5.355814142
"Congo, Rep.",32.29916434,33.30971621,28.97443254,35.15468123,35.49801146,40.25490475,42.0429919,36.59055252,41.47229036,41.60714156,40.48060338
Colombia,74.9256406,75.92287113,75.27958214,74.41022167,74.9778164,77.30712698,76.95310387,75.71843548,75.54988015,76.76212718,76.68569263
Comoros,0,0,0,0,,,,,,,
Cabo Verde,0,0,0,0,,,,,,,
Costa Rica,47.9928658,46.89102785,47.72020792,49.06389155,48.9982241,48.07062372,47.51590421,48.26480979,47.88482987,49.37779479,49.88027273
Caribbean small states,86.56211106,87.54199013,88.48887803,88.89179662,97.01075123,96.79487151,97.33297609,97.17518204,96.93591366,96.94117852,96.90434258
Cuba,75.43884757,81.0269063,84.23232078,84.97962141,86.92784489,87.26589083,89.88459214,87.59646004,87.46447104,87.50883462,85.59641456
Curacao,,,,,,,,,,,
Cayman Islands,,,,,,,,,,,
Cyprus,97.50079665,97.43157066,97.50689329,96.71664611,96.1058446,95.78148443,95.39065382,94.89409483,94.16552487,92.99080984,92.90621503
Czechia,83.69024338,83.67512072,82.97817308,83.06227734,81.42330557,79.65769772,80.55980081,79.28733913,77.20089283,77.18176944,75.27852225
Germany,82.56602162,81.85567627,81.27188318,81.27195016,80.80225178,79.96746885,79.56035026,80.37020876,80.62522298,81.08826801,79.71052694
Djibouti,0,0,0,0,,,,,,,
Dominica,0,0,0,0,,,,,,,
Denmark,85.47478824,82.18730305,86.63662222,82.03661355,80.13136834,79.57580426,78.27422571,74.82227821,70.86237066,70.25938711,67.70455812
Dominican Republic,86.62648881,86.42435374,85.40245101,86.89827457,87.11289573,84.87242119,85.40274143,86.48453225,84.82242766,86.76671153,86.56359598
Algeria,99.73793913,99.61031383,99.74001863,99.75208391,99.82113635,99.81061946,99.84783479,99.88747563,99.85891737,99.910365,99.97791672
East Asia & Pacific (excluding high income),81.79183147,82.99371948,83.91060117,84.54844309,84.39751332,84.68017523,85.5202536,86.12799823,85.69478095,85.68097946,85.49959455
Early-demographic dividend,76.82659727,77.17107389,77.66972724,78.22968464,78.82466983,79.21596225,79.28369723,78.87501665,79.37942532,79.00253667,79.50189014
East Asia & Pacific,82.81005273,83.25583853,83.9015836,84.74013956,84.54008587,84.54991929,85.1620154,86.59731781,86.74263228,86.72373005,86.396153
Europe & Central Asia (excluding high income),89.65046016,89.58141616,89.61306168,89.7620315,90.03081737,89.24507145,89.40607876,89.88207809,89.74865726,88.70333856,89.87366522
Europe & Central Asia,81.9615428,81.77460714,81.71437698,81.61764451,81.35234459,80.2614845,80.14902806,80.21061628,79.76864035,78.80862161,78.37981506
Ecuador,83.95550578,84.88932983,84.94441186,85.5949458,83.14892818,87.01507558,87.84865451,86.24184617,86.06629324,86.77054519,86.88466036
"Egypt, Arab Rep.",96.81736276,96.23115195,96.28099188,96.04047938,96.16210914,96.40166314,97.21176113,96.7923892,96.81680023,98.46009119,97.92892979
Euro area,76.32204327,76.11145753,75.5805138,75.21275897,74.39048733,73.47282059,72.78119997,72.33455766,71.69580202,70.84715102,69.41660494
Eritrea,35.21806958,34.40924565,25.86075752,26.08490665,19.10593817,22.20619754,21.5776664,21.88379983,22.53636526,22.60559937,23.1334477
Spain,81.83202563,83.4668124,82.50958877,83.18621648,81.80831582,79.71021292,76.00086331,76.50008869,75.0081484,72.55135063,71.53112185
Estonia,29.24585849,30.28470368,31.41138672,28.59866481,28.07201921,23.28809432,20.57485777,18.87797812,19.55974938,17.19862975,14.49029111
Ethiopia,4.474102441,4.093588189,4.247062388,4.648887741,4.905288427,4.856801682,4.579117972,4.573411803,5.007566884,5.78827082,6.56980663
European Union,76.67393906,76.40953637,76.12642815,75.72293358,74.83150619,73.80373833,73.18514518,72.82949596,71.86365253,71.03358642,69.67524016
Fragile and conflict affected situations,48.31648131,48.17013189,48.10317213,46.68138047,48.20306188,47.95983005,49.24893558,44.87493835,46.21070416,47.56506363,39.95254924
Finland,53.33484352,49.1854771,51.70609552,49.82068829,47.71862236,48.47891187,48.80002881,46.98862802,43.03336372,42.62672305,42.18252679
Fiji,0,0,0,0,,,,,,,
France,52.41503854,52.29710794,51.89245198,51.68550601,50.8434655,50.85168259,49.83637832,48.67698651,49.01202707,48.54358131,46.22592306
Faroe Islands,,,,,,,,,,,
"Micronesia, Fed. Sts.",,,,,,,,,,,
Gabon,20.96227187,20.376564,18.70251161,18.20739896,17.11377036,16.4621275,18.90264227,26.22884402,30.69468887,22.05960039,22.78651631
United Kingdom,88.61973186,88.15744775,88.6059099,89.61975501,90.17869547,87.36773537,88.16810568,85.56318573,85.13981223,83.5597408,82.7165785
Georgia,53.77327276,64.41339158,70.40866076,70.69078883,66.78923596,66.99368733,64.70334463,72.76506637,74.46282328,68.93449555,72.20953534
Ghana,36.9201097,37.602505,43.03432272,45.75724713,42.95207948,46.00239359,49.67778841,49.82103972,52.6160022,52.49759344,52.54306013
Gibraltar,100,,100,100,100,100,,100,,98.96050914,99.51281724
Guinea,,,,,,,,,,,
"Gambia, The",0,0,0,0,,,,,,,
Guinea-Bissau,0,0,0,0,,,,,,,
Equatorial Guinea,0,0,0,0,,,,,,,
Greece,93.7794444,93.41073803,92.88599171,93.02602135,92.78015423,92.37083311,90.38560276,90.85296404,90.14823363,88.00125276,86.04931718
Grenada,0,0,0,0,,,,,,,
Greenland,,,,,,,,,,,
Guatemala,42.97532709,44.16831872,43.1870956,43.40464972,40.36716288,39.04930283,32.66035575,30.92107225,30.87615772,32.65370676,37.37859696
Guam,,,,,,,,,,,
Guyana,0,0,0,0,,,,,,,
High income,83.02436662,82.71954214,82.49553565,82.85907777,82.37333306,81.49274898,81.18542782,81.74849146,81.68459575,81.4599717,81.10787364
"Hong Kong SAR, China",94.98405042,95.10334385,95.34356585,95.34312627,94.72453161,94.92692513,93.97148468,94.31188883,93.28220408,93.63823815,93.17288162
Honduras,56.48111791,54.86179356,50.47652387,54.82596042,54.27791449,50.80048492,51.16665966,52.14850779,51.48488363,51.35134251,52.47931253
Heavily indebted poor countries (HIPC),17.04783908,17.31736386,18.3374391,19.02340517,19.14419789,19.19003398,19.67985049,19.83541338,20.68542916,21.04939111,22.33194466
Croatia,78.03952996,77.03280172,77.64003638,79.65827107,78.05160612,76.12965427,74.29497196,74.63709828,72.23776212,71.30324629,70.70366234
Haiti,27.713821,19.49572623,19.38001494,20.99531346,20.72857308,19.2931334,17.77460884,17.96016537,18.04955731,18.69779908,22.01589404
Hungary,81.82083907,80.36822766,80.06276464,78.97654983,77.82372613,74.1696087,74.2719228,73.29380076,71.78642365,69.54963749,68.1924014
IBRD only,82.15993182,82.67257034,83.14020915,83.46345445,83.58534511,83.67222637,84.1594808,84.59590055,84.48457586,84.23489797,84.42221479
IDA & IBRD total,78.37299622,78.92780644,79.46302723,79.84503241,80.02918162,80.06400295,80.62783613,80.99603342,80.87730478,80.64154594,80.8474315
IDA total,39.88241517,39.88316718,40.03651653,40.39391606,40.53657372,39.09477225,39.0610408,36.76106107,36.80912869,37.59511632,33.45047184
IDA blend,46.97706027,46.23826925,45.97695444,45.78371761,45.69741086,43.77065741,43.46766321,43.9275537,43.39486519,42.29595784,34.38481098
Indonesia,64.31644718,64.9962453,65.17708139,64.58463741,63.80707707,65.52072458,67.15478782,65.3021442,65.34475065,65.26568681,66.08947546
IDA only,31.27018811,32.39174665,33.11572305,34.16251574,34.60493348,33.92098801,34.17070158,28.00597187,28.87905385,32.4355267,32.56583822
Isle of Man,,,,,,,,,,,
India,65.58374371,65.98980361,66.80567371,67.88343297,69.00512159,71.14349792,71.40469516,71.4717185,72.41907946,72.28545864,73.57697909
Not classified,,,,,,,,,,,
Ireland,93.27692993,90.91552416,90.97299115,90.9317823,89.92434427,88.88512334,90.00309943,88.32246225,86.85564461,86.27790247,84.43758716
"Iran, Islamic Rep.",99.33232805,98.89005329,98.81113575,98.89622235,99.57303916,99.55557913,99.44489988,99.41712857,99.32468489,98.95888776,99.02258055
Iraq,99.27219718,97.5112546,96.8269499,97.16701666,97.84255722,97.58238974,97.55356735,97.67302488,97.57448177,96.68062348,95.98417678
Iceland,24.08945105,23.65901196,19.71346012,16.15127411,13.16704987,12.17035433,11.51979151,10.25495259,10.3307143,10.40420687,10.92848727
Israel,96.66153647,96.62279159,96.95279432,97.07304487,96.53851268,96.39583377,96.35144842,96.48398605,96.6586088,96.57471452,91.74963606
Italy,90.40624236,89.80144618,89.19087872,88.18304312,86.8421531,84.85132567,84.62877402,84.46479721,82.20135574,79.96433459,78.58642262
Jamaica,89.03311744,88.91524035,90.11589565,90.32654003,85.97681496,82.31687106,82.65261778,82.49309604,80.82174271,81.40787349,80.97134481
Jordan,97.67449453,97.89825814,97.89538437,98.41011895,98.00535382,97.96266522,97.34740255,95.99311455,97.32109121,97.61826839,97.60844665
Japan,82.70647334,81.61186176,81.4531167,83.48271492,83.21545458,81.22805604,80.91095442,89.76594207,94.62155285,94.63330153,94.4074689
Kazakhstan,98.96164693,98.67108722,98.84731326,98.8877292,98.9466038,99.05367536,98.78505276,98.93383169,98.87645395,99.19265774,99.17390731
Kenya,14.09902397,15.43874425,17.06526414,16.64351131,16.96466644,18.85477295,19.41168608,19.06401864,17.11461578,18.26607228,17.37957261
Kyrgyz Republic,67.12009192,66.02258082,66.5907126,70.29172582,74.40930313,72.98543958,70.51697531,70.10080255,73.86900016,72.20951787,75.47621896
Cambodia,24.43280442,27.19978905,29.42880446,32.96813121,32.73455606,27.94399482,30.05983124,28.98069106,29.04509302,28.61223426,30.6290814
Kiribati,0,0,0,0,,,,,,,
St. Kitts and Nevis,0,0,0,0,,,,,,,
"Korea, Rep.",82.48511384,80.61091994,80.54716817,81.81923465,81.1693777,81.65563805,82.86953009,82.74552314,83.22136322,84.16471753,82.3950038
Kuwait,,,100,100,100,99.99609681,,95.78056162,92.57270197,96.49017476,93.68988945
Latin America & Caribbean (excluding high income),71.66790986,71.71577622,71.53938668,70.85605914,71.07303108,70.92385671,70.74873182,71.30043371,72.27252952,72.59932166,72.76429022
Lao PDR,,,,,,,,,,,
Lebanon,94.6481866,93.99382539,93.38075006,92.60099912,95.57159729,95.59789134,94.97296041,95.51802998,96.36924729,95.74186308,97.62110111
Liberia,,,,,,,,,,,
Libya,99.17569271,99.13547579,99.14138804,99.0961876,99.15229268,99.20403228,99.28147735,98.90275075,99.08135299,99.18550597,99.11129636
St. Lucia,0,0,0,0,,,,,,,
Latin America & Caribbean,73.64484459,73.58924735,73.64012249,72.94927444,73.34611014,73.1863337,73.49142096,73.64050076,74.28230334,74.27159893,73.34633718
Least developed countries: UN classification,22.91585501,23.03770201,24.26903501,25.05098727,25.63709054,25.9853425,26.49544809,26.26947824,27.12556911,27.93096529,28.22410489
Low income,36.99728701,38.84121256,39.34808587,38.1443526,39.09223675,35.48123892,34.39125372,20.47299124,20.01392397,26.02476192,23.0152275
Liechtenstein,,,,,,,,,,,
Sri Lanka,45.79686823,45.29383381,43.43980102,45.38813774,44.86267171,43.55871971,43.08771554,48.84018447,47.31202305,45.87418024,50.54557398
Lower middle income,66.83786253,67.29122947,67.50277558,68.01540112,68.60503422,69.09892739,69.57000558,69.27275188,69.60530711,69.42923397,69.96332404
Low & middle income,77.92257263,78.54523021,79.08526561,79.51469341,79.74982177,79.77640243,80.34054451,80.74991334,80.68673706,80.48204504,80.76271554
Lesotho,0,0,0,0,,,,,,,
Late-demographic dividend,84.2210632,84.75466219,85.32363796,85.6788214,85.58686813,85.29799264,85.66001194,86.48750074,86.04695794,86.08624935,86.18233309
Lithuania,53.3631103,59.88021109,61.14546618,60.9706202,60.25067732,55.37100449,74.29750942,73.87595173,72.89319445,70.02233644,67.99374947
Luxembourg,91.2583383,91.16899273,90.33412984,88.08548398,87.11638336,88.70503581,87.95743151,87.00863719,87.21562043,84.50600181,83.33175267
Latvia,62.98706756,63.18156672,64.808012,65.12969688,65.08767982,61.12606339,65.84999642,62.89389927,58.04189359,58.92421248,56.71742757
"Macao SAR, China",,,,,,,,,,,
St. Martin (French part),,,,,,,,,,,
Morocco,81.49044646,84.22703751,84.82306217,85.3389983,86.37394812,86.37173258,87.0983164,88.65514878,89.1059794,88.2493003,88.46886281
Monaco,,,,,,,,,,,
Moldova,89.2940718,89.42114872,88.00969053,89.55525253,89.06282699,92.64322527,90.35400377,91.14389049,90.57070791,86.33121226,88.68802224
Madagascar,,,,,,,,,,,
Maldives,0,0,0,0,,,,,,,
Middle East & North Africa,98.44004941,98.21281463,98.26444993,98.38465761,98.70906947,98.6498579,98.59763254,97.6595248,97.39753557,98.04267104,97.35902122
Mexico,88.76018436,88.63817568,89.10735085,88.9004847,89.69529199,90.57949073,90.49508897,90.4646097,91.05699581,90.57104538,90.27848997
Marshall Islands,0,0,0,0,,,,,,,
Middle income,79.00807962,79.59647315,80.11736042,80.53482364,80.75770197,80.86413944,81.40758373,81.87073809,81.82094559,81.59373066,81.82835409
North Macedonia,85.01390723,84.62103432,83.88108279,85.06010882,83.78533711,84.4008056,81.11916478,82.10861197,82.13128882,81.14316459,79.42591466
Mali,,,,,,,,,,,
Malta,99.95104033,99.94039645,99.92246629,99.91016083,99.89146247,99.88027152,99.67246958,99.23845358,99.03840897,98.75759659,97.78846166
Myanmar,30.13469387,29.47735243,29.81559402,31.70408856,28.4497335,23.27886531,21.22355916,20.8796747,26.92943816,30.72995313,44.28989524
Middle East & North Africa (excluding high income),97.71515338,97.41637437,97.40923708,97.45246968,97.98065834,97.9978065,98.07114473,97.96442994,97.99512501,97.99423712,97.94704973
Montenegro,,52.57607573,57.39371306,53.96094304,60.74167315,52.38013371,62.0834407,63.24611022,61.20010204,63.86902391,64.664697
Mongolia,92.9924887,93.913775,94.506703,94.49723449,94.52912193,94.80693401,94.84840752,95.25304607,90.17163403,92.69368408,93.19938283
Northern Mariana Islands,,,,,,,,,,,
Mozambique,6.705884109,6.010092175,6.258186511,7.342438644,7.008780099,7.651357912,7.960892565,9.031287519,8.269956258,9.081396974,12.61995347
Mauritania,,,,,,,,,,,
Mauritius,75.46381545,77.39820195,79.50369519,80.32569535,79.38891754,81.0468331,81.65630027,82.43970836,83.15324465,83.78117107,84.5423603
Malawi,,,,,,,,,,,
Malaysia,96.21646697,96.82708398,96.69407555,96.94482833,96.76022577,96.66434839,96.89621303,96.81165029,96.74023319,96.75188109,96.6281989
North America,84.9794936,84.94152034,84.46896566,84.4874968,83.91108998,83.17238742,83.21454517,82.71849533,82.4412671,81.8593566,81.97940165
Namibia,63.19754578,63.08334792,62.35730164,62.88920727,66.60771692,66.96951434,67.1141655,66.43282063,66.08277236,66.77395228,66.71909083
New Caledonia,,,,,,,,,,,
Niger,16.11641133,14.02573608,13.71825457,14.26757216,15.30266416,17.32369964,21.10587693,24.19286423,29.68773614,26.73111821,24.06036815
Nigeria,21.28080087,21.65634079,19.69781069,17.58053836,18.42963788,15.85414335,18.08149657,19.08190495,18.76894492,18.58926314,18.87676676
Nicaragua,47.5385989,47.88554163,48.05702699,49.17254082,46.51945855,47.33217314,46.90267642,48.59859287,43.28520999,40.50976851,40.69539206
Netherlands,94.01767963,93.05623663,92.75138984,92.72577938,92.32417383,92.88726258,93.67450023,92.18561,91.23393806,91.5543679,90.92188386
Norway,55.89155597,54.9821628,56.68576092,56.18881465,61.6708969,63.11011116,63.043064,57.32151683,57.80716859,61.84011851,57.97823335
Nepal,9.705238305,10.64679652,8.831053568,8.615627482,9.886058056,11.03913918,12.59690416,12.98683099,15.19158127,13.67799323,15.4826794
Nauru,,,,,,,,,,,
New Zealand,68.2581754,68.18112115,67.62940924,67.57928702,66.85097419,64.13140864,61.05375011,59.75881495,62.23657981,60.83265377,59.84684405
OECD members,82.38486465,82.14809475,81.84983695,82.06535962,81.5527841,80.78008996,80.61930747,80.99242273,81.03145233,80.52744996,80.16115894
Oman,99.01366105,,,100,99.99999361,99.99999368,99.99999466,100,,100,99.96316865
Other small states,69.720871,68.1801061,,73.52516082,70.40598159,77.3916718,,,,76.3795714,81.44851892
Pakistan,59.82735442,60.08080078,60.92952138,62.47639073,61.63521395,61.03428807,60.27256849,59.6873876,59.48637101,59.2801424,61.58536145
Panama,69.85745041,73.66243438,74.5382043,75.88296165,70.71913247,75.09389561,81.35094146,82.6356057,80.55434357,79.90275682,80.71266196
Peru,69.74942824,71.55882901,68.949293,70.35520249,76.57105976,73.40752337,68.26017768,73.87026165,76.65912386,76.24394606,79.55568357
Philippines,56.38303464,57.81258936,56.18237608,57.27483545,57.62975477,56.26292371,60.11116976,59.88098622,59.48380294,61.41213905,62.43489629
Palau,,,,,,,,,,,
Papua New Guinea,,,,,,,,,,,
Poland,95.97875648,95.99393989,95.82033864,95.2120656,94.11388884,93.15405779,92.45120757,92.11514123,90.97851871,91.14640642,90.0879643
Pre-demographic dividend,26.99007278,26.87200927,25.84075047,25.56821597,26.81146852,27.43046328,29.15393957,29.89873793,30.69040708,31.10089854,31.74205253
Puerto Rico,,,,,,,,,,,
"Korea, Dem. People's Rep.",89.70140566,89.81569661,90.08915272,87.98892582,88.73478549,67.72732473,66.51085379,63.55991563,64.84206245,59.93944795,62.05199476
Portugal,82.756091,84.12212742,80.81644951,79.24051752,78.63659453,78.08765699,75.12558465,75.65654081,75.81242014,73.34962913,72.8127263
Paraguay,31.1140686,29.00937874,30.10551898,30.25417669,30.01931931,30.70985011,32.58028855,33.63711167,33.8169346,33.61510405,33.70331205
West Bank and Gaza,,,,,,,,,,,
Pacific island small states,0,0,0,0,,,,,,,
Post-demographic dividend,82.20346185,81.89351363,81.52179969,81.74777789,81.2190938,80.33249911,80.2191256,80.58865993,80.64624889,80.136539,79.66363018
French Polynesia,,,,,,,,,,,
Qatar,100,100,,100,99.9999956,100,,,,100,99.99502672
Romania,84.48008926,83.86668462,85.05886129,83.17948136,79.84316277,76.59493576,75.07095149,77.6518382,76.42720092,73.49376345,72.52369457
Russian Federation,90.69042026,90.68845507,90.62145855,90.54975259,90.94758109,90.16257724,90.52974766,90.90831563,90.86580943,89.51180164,92.14287582
Rwanda,,,,,,,,,,,
South Asia,63.63679312,64.04593451,64.88514028,66.04972487,67.03846248,68.93593001,69.18918431,69.31305408,70.22646035,70.04817635,71.52352351
Saudi Arabia,99.99562196,99.99571843,99.99559706,99.99573835,99.99617989,99.99641029,99.99677609,99.20369244,99.51085197,99.5705625,99.92801862
Sudan,20.27671661,23.31137,27.7225468,30.95160602,32.76289949,32.22585684,31.02909896,29.56457524,32.82946215,31.19913848,31.72652659
Senegal,54.57289084,55.16465543,54.76652331,53.6172629,53.48385073,44.52371819,46.08066251,47.4972165,45.7736917,52.17270771,53.90911721
Singapore,98.71373917,98.17112737,98.30136458,98.12869974,98.24675267,97.93284225,97.68803286,97.70145037,96.3290894,94.00615626,90.57887358
Solomon Islands,0,0,0,0,,,,,,,
Sierra Leone,,,,,,,,,,,
El Salvador,44.53408677,44.0880532,44.29105096,47.82811692,44.61572394,47.2286276,46.45622974,47.38176679,48.4643047,47.89684352,48.42958734
San Marino,,,,,,,,,,,
Somalia,,,,,,,,,,,
Serbia,90.40940247,89.60711039,90.1464364,89.93497052,90.25827926,87.81702574,86.9419507,89.07430958,87.08940817,88.48592488,83.87126164
Sub-Saharan Africa (excluding high income),39.93340248,39.64842661,38.96025228,39.63581505,40.96648795,39.85679104,39.59751226,39.1740675,38.70217196,38.27411642,39.78936584
South Sudan,,,,,,,,,70.06846986,72.3759876,72.22263478
Sub-Saharan Africa,39.90807249,39.62651794,38.93769166,39.61722475,40.96648795,39.85679104,39.59751226,39.1740675,38.70217196,38.27411642,39.78936584
Small states,74.35802887,74.07539838,,77.33190405,79.0558075,82.46059807,,75.74619174,,81.49641303,84.64713126
Sao Tome and Principe,0,0,0,0,,,,,,,
Suriname,77.41734327,82.21256075,78.0812888,74.93191271,73.5682269,73.81323222,79.41492194,79.29074198,80.30943598,76.88419915,76.25349582
Slovak Republic,72.21614512,72.1099316,70.89196269,70.92913787,70.3379735,70.02843872,70.23777339,68.51136317,66.83286849,66.42439974,63.94609543
Slovenia,69.29592992,68.57141995,69.4799432,69.28048987,69.50734524,67.4233935,66.67921436,64.93527416,65.082019,63.74931631,59.66320668
Sweden,34.83201035,33.81150917,33.41258419,32.45247195,33.11264006,31.98399534,34.4232514,34.21418705,30.99915578,30.01601561,29.77474727
Eswatini,0,0,0,0,,,,,,,
Sint Maarten (Dutch part),,,,,,,,,,,
Seychelles,0,0,0,0,,,,,,,
Syrian Arab Republic,98.16494913,98.45937933,98.71576473,98.49869618,98.9208739,99.252788,99.08168246,,,98.12460862,97.79178143
Turks and Caicos Islands,,,,,,,,,,,
Chad,,,,,,,,,,,
East Asia & Pacific (IDA & IBRD countries),81.71376203,82.92942352,83.85605812,84.52437505,84.36508025,84.79810468,85.63468126,86.22295973,85.78078331,85.75901448,85.57760364
Europe & Central Asia (IDA & IBRD countries),89.86812066,89.78462827,89.85256742,89.88846972,89.93664948,89.08076391,89.14323527,89.61960492,89.38185917,88.40710317,89.32874706
Togo,14.73829053,13.79788385,12.01933416,12.7893877,14.29407395,24.10151513,22.03570898,19.90908937,17.21810261,17.38589745,17.80063303
Thailand,82.05719879,81.81330376,81.56143348,81.15233515,80.57079085,80.13354249,79.99305669,80.19388911,80.16213661,80.66699695,79.83902265
Tajikistan,38.76343657,36.72646903,38.30304763,42.58706321,41.55518769,35.64235152,34.60580974,36.25452584,42.33052238,33.94033873,45.98414186
Turkmenistan,,,,,,,,,,,
Latin America & the Caribbean (IDA & IBRD countries),73.73270768,73.59008989,73.59486209,72.89144696,73.14614885,72.96474897,73.22674146,73.43299714,74.08801549,74.08753462,73.16127163
Timor-Leste,0,0,0,0,,,,,,,
Middle East & North Africa (IDA & IBRD countries),97.71515338,97.41637437,97.40923708,97.45246968,97.98065834,97.9978065,98.07114473,97.96442994,97.99512501,97.99423712,97.94704973
Tonga,0,0,0,0,,,,,,,
South Asia (IDA & IBRD),63.63679312,64.04593451,64.88514028,66.04972487,67.03846248,68.93593001,69.18918431,69.31305408,70.22646035,70.04817635,71.52352351
Sub-Saharan Africa (IDA & IBRD countries),39.90807249,39.62651794,38.93769166,39.61722475,40.96648795,39.85679104,39.59751226,39.1740675,38.70217196,38.27411642,39.78936584
Trinidad and Tobago,99.72202118,99.75418531,99.8276264,99.86390029,99.86072753,99.86222469,99.92966889,99.92924194,99.92804798,99.92994946,99.91950642
Tunisia,87.04397267,86.32363633,86.58578737,86.59359205,86.69977823,85.96209387,87.68649948,88.07194404,88.26464636,88.22942854,88.8703881
Turkiye,86.70136114,88.05963778,89.00397079,90.49675228,90.56269753,89.89750931,89.12433057,89.96939746,89.41051234,88.15732151,89.5439509
Tuvalu,,,,,,,,,,,
Tanzania,9.173357755,10.06711978,10.43942003,9.856552098,9.799409682,9.287739044,10.61036898,12.58251877,14.90683811,14.88110912,14.38061695
Uganda,,,,,,,,,,,
Ukraine,83.56075041,83.2777787,82.00252166,81.3841921,80.85074966,78.97070523,80.45380003,79.55403602,79.25760905,78.23185225,75.34950578
Upper middle income,84.57101929,85.09671313,85.58708252,85.88344094,85.96370371,85.97291995,86.37042433,86.9963029,86.822469,86.50704787,86.50289457
Uruguay,63.25076306,63.27733022,67.70578307,61.87527325,64.71136225,60.64908997,50.03140418,56.0551124,58.40715674,52.91635378,46.27030789
United States,86.12431287,86.01853539,85.62647253,85.61470518,84.96822169,84.15425372,84.15058807,83.71405277,83.43717762,82.94050969,83.08904242
Uzbekistan,98.45395169,98.40074276,98.33889215,98.82436971,98.01541608,98.15981526,97.81508659,98.11594607,97.98497238,97.73849947,
St. Vincent and the Grenadines,0,0,0,0,,,,,,,
"Venezuela, RB",87.95176294,86.96036766,87.55630584,86.42837627,87.33395011,87.47998877,89.81249696,88.126095,89.25856921,88.37797322,
British Virgin Islands,,,,,,,,,,,
Virgin Islands (U.S.),,,,,,,,,,,
Vietnam,58.26328476,60.53286039,60.72421328,62.72987523,64.56385219,66.79639429,70.32817751,68.49888991,66.97810449,69.82183655,
Vanuatu,0,0,0,0,,,,,,,
World,80.65153869,80.72447732,80.83571448,81.19416166,81.05485546,80.61346858,80.77812583,81.2305623,81.16535015,80.94272897,80.91140772
Samoa,0,0,0,0,,,,,,,
Kosovo,86.76230643,87.2096316,87.30212011,88.08794969,87.57461411,88.18078596,88.37101082,88.64308127,88.63153032,90.21079131,86.121582
"Yemen, Rep.",98.59995437,98.65035831,98.70680334,98.64531297,98.68384422,98.63936666,98.32089009,98.44509359,98.24042053,98.48850274,
South Africa,86.99483553,87.15671805,87.11379816,87.71745546,88.14866881,87.67566973,87.46124141,87.03964201,87.15523381,86.57530458,86.79143169
Zambia,9.716384369,10.0872178,9.337160783,6.736324796,7.33559878,7.563086385,7.756579135,8.55911776,10.68849046,10.5633241,
Zimbabwe,28.16103313,30.30676864,28.54720354,27.99876891,23.67195544,23.93083087,24.8557054,28.49274324,28.86087341,29.0957594,
